mode_label,rmse_mean,rmse_std,mae_mean,mae_std,r2_mean,r2_std,n
Raw,0.2610340110328838,0.05500362632695835,0.20148698284621344,0.040872399758140825,0.929599786103929,0.03265604333858536,159
Db4,0.3209365136739601,0.19284490919433417,0.24698062160049325,0.1528840040005905,0.8615143191717496,0.2410293796527874,156
LWT,0.2657680016371049,0.06676280836572648,0.20476010822991914,0.05230182923325111,0.9257057566150855,0.06952294554831744,467
LWT-Warm,0.2756041797162253,0.10807949023417295,0.21268943431261925,0.08533082127177587,0.9133034650866134,0.1296006697854854,468
