A,B,n,median_delta_rmse,mean_delta_rmse,wins_A,winrate_A,wilcoxon_stat,p_value_raw,p_value_holm,significant_0_05
LWT-Warm,Raw,156,0.00406343919344522,0.005919729328369668,65,0.4166666666666667,5775.0,0.5380631349291998,1.0,False
LWT-Warm,Db4,156,-0.015234987984422271,-0.053715123866936915,107,0.6858974358974359,2851.0,7.0632327015192726e-09,2.825293080607709e-08,True
LWT-Warm,LWT,467,0.0017981518130723018,0.00998167007064957,218,0.4668094218415418,51552.0,0.29008941670089017,0.8702682501026705,False
LWT,Raw,156,0.0023002403659076187,-0.00291056406626767,73,0.46794871794871795,5887.0,0.6762586940696337,1.0,False
LWT,Db4,156,-0.015904005898047704,-0.06254541726157425,114,0.7307692307692307,2473.0,1.059275447593537e-10,5.296377237967684e-10,True
